node_id,lon,lat,degree
N00001,127.098224,37.555036,3
N00002,127.101892,37.557875,3
N00003,127.098116,37.56468,3
N00004,127.10007,37.564423,1
N00005,127.096121,37.556635,3
N00006,127.101525,37.559599,3
N00007,127.099575,37.552665,1
N00008,127.101058,37.553905,3
N00009,127.096768,37.564384,3
N00010,127.098226,37.566075,3
N00011,127.095175,37.556155,1
N00012,127.089767,37.569536,3
N00013,127.089004,37.570236,1
N00014,127.089984,37.569342,3
N00015,127.089767,37.569407,3
N00016,127.090003,37.56945,3
N00017,127.096663,37.554639,1
N00018,127.090029,37.568156,3
N00019,127.093741,37.568937,1
N00020,127.090111,37.567606,1
N00021,127.089807,37.569682,3
N00022,127.09149,37.565479,3
N00023,127.088601,37.564651,1
N00024,127.0915,37.562809,3
N00025,127.091495,37.562575,3
N00026,127.091625,37.563016,4
N00027,127.091752,37.562805,1
N00028,127.090798,37.561826,3
N00029,127.09342,37.562164,1
N00030,127.093661,37.562768,3
N00031,127.097736,37.567392,1
N00032,127.098193,37.56478,3
N00033,127.098067,37.564858,1
N00034,127.096204,37.5687,3
N00035,127.095106,37.568485,3
N00036,127.095777,37.569586,3
N00037,127.095696,37.569551,3
N00038,127.096092,37.570836,3
N00039,127.095606,37.570838,1
N00040,127.095576,37.570013,3
N00041,127.095499,37.569955,3
N00042,127.096474,37.563307,4
N00043,127.095998,37.562824,3
N00044,127.096426,37.562829,3
N00045,127.096254,37.562306,3
N00046,127.093443,37.564813,3
N00047,127.09216,37.565022,3
N00048,127.096635,37.571303,1
N00049,127.090264,37.56957,1
N00050,127.096468,37.563905,3
N00051,127.095277,37.569732,1
N00052,127.095595,37.56993,3
N00053,127.095958,37.569458,3
N00054,127.098487,37.564675,1
N00055,127.095851,37.562253,3
N00056,127.091779,37.562671,3
N00057,127.092233,37.56276,3
N00058,127.093489,37.563778,3
N00059,127.094381,37.568404,3
N00060,127.093669,37.564835,3
N00061,127.091963,37.563552,4
N00062,127.091644,37.564427,4
N00063,127.089675,37.569954,1
N00064,127.089668,37.568187,1
N00065,127.097327,37.554249,1
N00066,127.090471,37.568697,3
N00067,127.089523,37.568257,1
N00068,127.091472,37.563691,3
N00069,127.091103,37.563836,3
N00070,127.091398,37.564044,3
N00071,127.093488,37.56355,3
N00072,127.093517,37.563027,3
N00073,127.095664,37.566264,3
N00074,127.096322,37.563598,3
N00075,127.096314,37.563396,3
N00076,127.096178,37.562384,3
N00077,127.093554,37.564428,3
N00078,127.102359,37.553157,3
N00079,127.103193,37.553881,4
N00080,127.101004,37.552393,3
N00081,127.100596,37.552386,4
N00082,127.100551,37.553124,6
N00083,127.100527,37.553306,1
N00084,127.10007,37.55263,4
N00085,127.100451,37.55267,3
N00086,127.099892,37.55253,3
N00087,127.103893,37.552259,3
N00088,127.104376,37.551868,1
N00089,127.103601,37.557877,3
N00090,127.103252,37.557185,3
N00091,127.103762,37.557922,3
N00092,127.10115,37.553331,3
N00093,127.101595,37.552563,4
N00094,127.101602,37.55246,4
N00095,127.101546,37.553291,3
N00096,127.101373,37.553198,4
N00097,127.101935,37.552121,3
N00098,127.101926,37.551883,3
N00099,127.102643,37.551899,3
N00100,127.102179,37.551792,1
N00101,127.101877,37.551882,3
N00102,127.101444,37.552272,3
N00103,127.101658,37.551371,1
N00104,127.103665,37.552179,3
N00105,127.10392,37.552099,1
N00106,127.102081,37.552618,4
N00107,127.102343,37.552487,3
N00108,127.101838,37.552779,3
N00109,127.10184,37.552685,3
N00110,127.101682,37.552874,4
N00111,127.101672,37.552783,1
N00112,127.102006,37.552614,3
N00113,127.101922,37.552402,4
N00114,127.101867,37.552481,3
N00115,127.101393,37.552735,4
N00116,127.101428,37.552496,3
N00117,127.101958,37.552834,4
N00118,127.102395,37.552734,3
N00119,127.101771,37.553024,5
N00120,127.10175,37.553395,4
N00121,127.103241,37.5722,3
N00122,127.102661,37.558752,3
N00123,127.102908,37.558704,3
N00124,127.103813,37.558012,3
N00125,127.103079,37.552263,3
N00126,127.102854,37.552159,3
N00127,127.100952,37.552872,4
N00128,127.100554,37.552839,3
N00129,127.100874,37.552987,3
N00130,127.100966,37.552968,4
N00131,127.101442,37.552862,6
N00132,127.10117,37.552855,3
N00133,127.101427,37.552902,4
N00134,127.101277,37.553063,4
N00135,127.10112,37.553194,3
N00136,127.1027,37.552098,4
N00137,127.102806,37.552002,3
N00138,127.103278,37.551785,1
N00139,127.10216,37.553148,3
N00140,127.102075,37.553238,3
N00141,127.101266,37.55269,3
N00142,127.102152,37.552248,3
N00143,127.102428,37.552212,3
N00144,127.101866,37.552417,3
N00145,127.10153,37.552785,4
N00146,127.102035,37.552659,3
N00147,127.10198,37.552645,4
N00148,127.101296,37.553108,4
N00149,127.101256,37.553246,3
N00150,127.101196,37.553143,3
N00151,127.101914,37.552884,3
N00152,127.102369,37.552666,3
N00153,127.102666,37.552158,3
N00154,127.101835,37.551646,1
N00155,127.101505,37.553056,4
N00156,127.101478,37.553166,4
N00157,127.101927,37.553045,4
N00158,127.101994,37.553068,3
N00159,127.101458,37.553063,3
N00160,127.102482,37.552799,3
N00161,127.101592,37.552852,4
N00162,127.100722,37.553055,3
N00163,127.100118,37.552297,3
N00164,127.100027,37.551795,1
N00165,127.103528,37.553166,3
N00166,127.103511,37.552739,3
N00167,127.104037,37.554865,3
N00168,127.103686,37.554636,3
N00169,127.095825,37.561432,1
N00170,127.091796,37.562322,1
N00171,127.090913,37.561036,1
N00172,127.095134,37.569412,1
N00173,127.10144,37.572821,3
N00174,127.100278,37.572979,3
N00175,127.093812,37.568987,4
N00176,127.098692,37.572503,4
N00177,127.089403,37.570485,4
N00178,127.090638,37.571148,3
N00179,127.089209,37.570535,3
N00180,127.088547,37.570417,3
N00181,127.088096,37.571193,1
N00182,127.089064,37.571709,3
N00183,127.095308,37.571909,3
N00184,127.095739,37.571147,3
N00185,127.094827,37.572364,3
N00186,127.089236,37.576522,1
N00187,127.090835,37.576988,3
N00188,127.097757,37.579121,3
N00189,127.097353,37.579132,4
N00190,127.096954,37.579135,3
N00191,127.094463,37.580439,4
N00192,127.096114,37.579652,4
N00193,127.095827,37.579885,3
N00194,127.095961,37.58026,5
N00195,127.093328,37.580516,1
N00196,127.095524,37.580534,3
N00197,127.094996,37.580787,1
N00198,127.091813,37.578297,1
N00199,127.092527,37.577652,4
N00200,127.092647,37.577411,4
N00201,127.092092,37.576904,3
N00202,127.095764,37.580939,1
N00203,127.096417,37.580462,3
N00204,127.092784,37.578214,1
N00205,127.097852,37.579163,3
N00206,127.09824,37.579341,3
N00207,127.09922,37.579301,3
N00208,127.096373,37.580281,3
N00209,127.097252,37.57982,3
N00210,127.097718,37.580169,3
N00211,127.0943,37.575931,3
N00212,127.09518,37.573547,3
N00213,127.096407,37.573178,3
N00214,127.093285,37.577579,4
N00215,127.09702,37.57946,3
N00216,127.093065,37.577869,1
N00217,127.092595,37.577304,3
N00218,127.092112,37.576662,3
N00219,127.089123,37.570277,3
N00220,127.091955,37.576171,1
N00221,127.092847,37.577097,3
N00222,127.09329,37.575972,3
N00223,127.093292,37.576215,3
N00224,127.092458,37.576654,3
N00225,127.098906,37.578288,3
N00226,127.099746,37.57755,3
N00227,127.092898,37.576817,4
N00228,127.089245,37.572088,3
N00229,127.099752,37.579661,3
N00230,127.099543,37.579324,3
N00231,127.100012,37.579589,3
N00232,127.101188,37.579264,3
N00233,127.100326,37.579661,3
N00234,127.100506,37.579565,3
N00235,127.101381,37.576205,3
N00236,127.099483,37.579294,3
N00237,127.099835,37.578777,3
N00238,127.095584,37.57051,3
N00239,127.09523,37.569719,3
N00240,127.091176,37.569743,3
N00241,127.091156,37.569567,3
N00242,127.098645,37.577297,1
N00243,127.093234,37.575533,3
N00244,127.093636,37.57505,3
N00245,127.091367,37.569584,3
N00246,127.092298,37.569677,3
N00247,127.09291,37.570308,3
N00248,127.092794,37.569264,3
N00249,127.102691,37.579549,1
N00250,127.094568,37.570544,4
N00251,127.094644,37.570494,3
N00252,127.094755,37.569844,3
N00253,127.087618,37.572608,1
N00254,127.095537,37.570523,3
N00255,127.094529,37.571292,3
N00256,127.09408,37.571296,1
N00257,127.094752,37.571412,3
N00258,127.095472,37.570771,3
N00259,127.095187,37.571448,3
N00260,127.096448,37.571225,3
N00261,127.099094,37.57922,3
N00262,126.982575,37.445718,3
N00263,126.974373,37.447573,2
N00264,126.976126,37.425056,3
N00265,126.964926,37.42934,3
N00266,126.962329,37.423644,3
N00267,126.962456,37.431112,3
N00268,126.974168,37.441678,3
N00269,126.967396,37.441086,3
N00270,126.973132,37.433557,4
N00271,126.976795,37.426134,3
N00272,126.970919,37.435742,3
N00273,126.971405,37.438014,3
N00274,126.962241,37.433992,3
N00275,126.969549,37.432322,3
N00276,126.964387,37.437529,3
N00277,126.970385,37.431883,3
N00278,126.97403,37.447718,3
N00279,126.982374,37.444715,3
N00280,126.970224,37.431209,3
N00281,126.964289,37.430372,3
N00282,126.97197,37.437402,3
N00283,126.980233,37.435031,3
N00284,126.972565,37.435363,3
N00285,126.976484,37.433869,1
N00286,126.984996,37.438239,3
N00287,126.977607,37.443054,3
N00288,126.96926,37.447004,3
N00289,126.977486,37.471449,3
N00290,126.965592,37.438547,3
N00291,126.962056,37.435461,3
N00292,126.975606,37.425428,3
N00293,126.969431,37.443146,3
N00294,126.986734,37.431598,1
N00295,126.976695,37.433899,3
N00296,126.981173,37.436114,3
N00297,126.986972,37.431538,1
N00298,126.988019,37.438293,4
N00299,126.993465,37.446933,1
N00300,126.993761,37.437425,1
N00301,126.985817,37.434001,3
N00302,126.98859,37.435788,3
N00303,126.984972,37.431084,3
N00304,126.971973,37.429342,3
N00305,126.986142,37.444806,3
N00306,126.991365,37.446688,1
N00307,126.982412,37.444838,3
N00308,126.985476,37.443999,3
N00309,126.970053,37.420894,2
N00310,126.977284,37.439547,3
N00311,126.987268,37.430114,1
N00312,126.991136,37.434915,1
N00313,126.988823,37.433663,1
N00314,126.986266,37.429954,1
N00315,126.991468,37.445262,1
N00316,126.976336,37.425148,3
N00317,126.986917,37.433345,1
N00318,126.976415,37.42516,3
N00319,126.975912,37.441146,3
N00320,126.970653,37.431788,3
N00321,126.970831,37.431721,3
N00322,126.97078,37.431836,3
N00323,126.972604,37.447822,2
N00324,126.970317,37.447141,3
N00325,126.96696,37.440182,3
N00326,126.96545,37.441585,1
N00327,126.965687,37.443598,3
N00328,126.965305,37.442578,3
N00329,126.965293,37.445966,3
N00330,126.963077,37.431062,3
N00331,126.971149,37.446381,3
N00332,126.968935,37.446812,3
N00333,126.967575,37.445132,3
N00334,126.965611,37.441553,2
N00335,126.964769,37.429409,3
N00336,126.968901,37.443547,3
N00337,126.965761,37.443684,3
N00338,126.964294,37.445196,2
N00339,126.964449,37.444137,3
N00340,126.96469,37.443178,3
N00341,126.964268,37.442147,3
N00342,126.964759,37.441774,3
N00343,126.96409,37.44137,3
N00344,126.964211,37.442162,4
N00345,126.964857,37.438351,3
N00346,126.968968,37.446908,3
N00347,126.965138,37.441981,3
N00348,126.963938,37.440738,3
N00349,126.96349,37.440987,3
N00350,126.964013,37.441282,3
N00351,126.977241,37.423589,1
N00352,126.940603,37.436725,4
N00353,126.938839,37.448867,3
N00354,126.947127,37.44677,1
N00355,126.94496,37.455129,4
N00356,126.944117,37.454183,3
N00357,126.943536,37.454043,3
N00358,126.938385,37.450577,3
N00359,126.939533,37.449617,3
N00360,126.938967,37.450833,3
N00361,126.939644,37.451115,3
N00362,126.94425,37.4401,1
N00363,126.933033,37.452317,1
N00364,126.94798,37.46384,1
N00365,126.940697,37.436107,3
N00366,126.947976,37.440796,1
N00367,126.963067,37.472567,1
N00368,126.964467,37.46575,3
N00369,126.969083,37.4619,3
N00370,126.96875,37.463217,3
N00371,126.968254,37.462676,3
N00372,126.959222,37.465109,1
N00373,126.974703,37.466013,3
N00374,126.9762,37.465383,3
N00375,126.977286,37.470511,3
N00376,126.978367,37.469083,3
N00377,126.977102,37.467406,3
N00378,126.978378,37.472677,1
N00379,126.972945,37.465574,3
N00380,126.971533,37.463183,1
N00381,126.975362,37.473026,1
N00382,126.970807,37.471363,4
N00383,126.969454,37.471459,1
N00384,126.969551,37.469803,1
N00385,126.978265,37.466509,4
N00386,126.97855,37.466183,3
N00387,126.976495,37.468286,4
N00388,126.973325,37.466041,3
N00389,126.977933,37.466217,3
N00390,126.966116,37.468612,1
N00391,126.968736,37.459349,2
N00392,126.978191,37.467201,1
N00393,126.975783,37.471333,3
N00394,126.975006,37.46691,3
N00395,126.97744,37.470943,3
N00396,126.976724,37.47094,4
N00397,126.976033,37.471267,3
N00398,126.977241,37.470733,3
N00399,126.974264,37.464443,3
N00400,126.949467,37.451967,1
N00401,126.947533,37.454133,3
N00402,126.938633,37.440767,1
N00403,126.947053,37.447473,1
N00404,126.947377,37.44543,3
N00405,126.948466,37.444466,3
N00406,126.95395,37.4428,3
N00407,126.949573,37.445675,1
N00408,126.953717,37.442333,3
N00409,126.955617,37.439033,3
N00410,126.954324,37.439231,3
N00411,126.953191,37.453022,1
N00412,126.952233,37.447967,3
N00413,126.952583,37.447399,4
N00414,126.96441,37.445282,1
N00415,126.952919,37.446487,3
N00416,126.954883,37.4499,1
N00417,126.953497,37.44592,3
N00418,126.955277,37.443174,1
N00419,126.96325,37.440967,3
N00420,126.964183,37.4422,1
N00421,126.963866,37.440594,1
N00422,126.982205,37.612827,2
N00423,126.981631,37.612652,1
N00424,126.985567,37.613934,3
N00425,126.950047,37.618123,3
N00426,126.956648,37.608574,1
N00427,126.97559,37.617384,3
N00428,126.973891,37.616173,1
N00429,126.977735,37.626244,3
N00430,126.952687,37.614248,1
N00431,126.981987,37.620481,3
N00432,126.96436,37.621224,3
N00433,126.960466,37.625101,3
N00434,126.954294,37.622145,3
N00435,126.953447,37.623514,3
N00436,126.957744,37.613536,1
N00437,126.958586,37.627591,3
N00438,126.951673,37.625272,2
N00439,126.947852,37.622143,4
N00440,126.954362,37.625737,3
N00441,126.978943,37.626387,3
N00442,126.975132,37.631295,3
N00443,126.978237,37.628209,4
N00444,126.959346,37.62809,3
N00445,126.979658,37.628273,3
N00446,126.977039,37.627807,1
N00447,126.960151,37.628731,3
N00448,126.968674,37.631416,2
N00449,126.975411,37.631473,2
N00450,126.974413,37.631879,4
N00451,126.988208,37.614521,3
N00452,126.992142,37.612084,1
N00453,126.988261,37.615511,3
N00454,126.996658,37.618786,3
N00455,126.998837,37.618003,1
N00456,126.986595,37.618844,3
N00457,126.995139,37.620197,3
N00458,126.993215,37.621371,2
N00459,126.99241,37.621798,3
N00460,126.994691,37.629876,3
N00461,126.996307,37.629184,3
N00462,126.99194,37.632122,1
N00463,126.977208,37.633073,2
N00464,126.97721,37.633316,4
N00465,126.982807,37.635917,3
N00466,126.984653,37.63665,2
N00467,127.009679,37.627527,1
N00468,127.004087,37.635213,1
N00469,126.98636,37.640422,3
N00470,126.987502,37.641774,3
N00471,126.985934,37.640503,3
N00472,126.989774,37.64314,3
N00473,126.994958,37.650479,3
N00474,127.00186,37.642235,3
N00475,127.002208,37.642366,1
N00476,127.000999,37.64265,3
N00477,127.002948,37.6432,1
N00478,126.997037,37.650286,4
N00479,126.983233,37.64355,2
N00480,127.004704,37.644573,1
N00481,127.00279,37.656764,3
N00482,126.998372,37.654964,3
N00483,126.982606,37.650727,3
N00484,126.982292,37.650904,3
N00485,126.988979,37.660042,4
N00486,126.981651,37.657564,3
N00487,127.000555,37.656549,3
N00488,127.007852,37.655438,3
N00489,127.010169,37.653493,1
N00490,127.002074,37.658165,3
N00491,127.003331,37.65672,3
N00492,127.006702,37.656976,3
N00493,127.004357,37.658948,3
N00494,127.006909,37.657092,3
N00495,127.010552,37.65725,1
N00496,127.008966,37.661037,1
N00497,127.004069,37.658698,3
N00498,126.991661,37.658516,3
N00499,127.006793,37.660859,3
N00500,126.985513,37.659872,4
N00501,126.987034,37.662185,4
N00502,127.007714,37.66126,1
N00503,126.995509,37.665479,1
N00504,126.987821,37.662887,2
N00505,126.990472,37.664107,3
N00506,126.99251,37.664917,3
N00507,126.994074,37.666299,3
N00508,127.004238,37.671313,3
N00509,126.993882,37.670263,3
N00510,126.993848,37.670953,4
N00511,126.993915,37.670961,2
N00512,127.0116,37.664333,1
N00513,126.945487,37.613886,3
N00514,126.945127,37.610748,1
N00515,126.935019,37.614771,3
N00516,126.933918,37.6143,1
N00517,126.936625,37.620216,3
N00518,126.948349,37.615204,3
N00519,126.94786,37.61072,1
N00520,126.943381,37.615243,3
N00521,126.943382,37.614047,1
N00522,126.943824,37.618498,3
N00523,126.942531,37.618511,2
N00524,126.944365,37.618974,3
N00525,126.944633,37.619864,3
N00526,126.934785,37.621825,3
N00527,126.938771,37.621996,3
N00528,126.938868,37.621824,2
N00529,126.94463,37.623422,3
N00530,126.932745,37.622036,1
N00531,126.94445,37.625593,3
N00532,126.946641,37.627088,2
N00533,126.950475,37.626429,1
N00534,126.950458,37.626419,1
N00535,126.96304,37.633016,1
N00536,126.963031,37.633016,1
N00537,126.960317,37.638064,2
N00538,126.967162,37.640268,3
N00539,126.958783,37.63854,3
N00540,126.943268,37.640761,1
N00541,126.946785,37.642763,3
N00542,126.94927,37.642924,3
N00543,126.944035,37.643632,3
N00544,126.939779,37.644513,1
N00545,126.940652,37.644654,3
N00546,126.947294,37.651961,3
N00547,126.953023,37.651537,3
N00548,126.960633,37.648124,3
N00549,126.953812,37.652685,3
N00550,126.961094,37.645863,3
N00551,126.949223,37.655188,3
N00552,126.954737,37.652798,3
N00553,126.955837,37.653503,3
N00554,126.951641,37.652991,3
N00555,126.951001,37.654456,3
N00556,126.95047,37.654845,3
N00557,126.95096,37.65493,3
N00558,126.961476,37.652857,3
N00559,126.946439,37.658402,1
N00560,126.971648,37.633324,3
N00561,126.974467,37.632115,3
N00562,126.980666,37.638843,3
N00563,126.970753,37.63368,3
N00564,126.974808,37.637994,3
N00565,126.978058,37.640245,3
N00566,126.980416,37.640016,3
N00567,126.966189,37.641227,3
N00568,126.979431,37.642079,3
N00569,126.973272,37.645311,3
N00570,126.976879,37.645068,3
N00571,126.982561,37.64941,2
N00572,126.961082,37.646157,3
N00573,126.966774,37.649989,3
N00574,126.972686,37.648331,3
N00575,126.978264,37.653679,3
N00576,126.962734,37.652288,3
N00577,126.976742,37.653181,1
N00578,126.967388,37.654602,3
N00579,126.967028,37.65784,3
N00580,126.951241,37.658719,4
N00581,126.970252,37.655457,3
N00582,126.95387,37.656875,1
N00583,126.956658,37.657868,3
N00584,126.978755,37.657344,3
N00585,126.980901,37.658316,4
N00586,126.967212,37.657884,3
N00587,126.979426,37.657843,3
N00588,126.963895,37.658088,3
N00589,126.968094,37.658341,3
N00590,126.963341,37.665287,3
N00591,126.952076,37.662176,3
N00592,126.980858,37.658626,3
N00593,126.984694,37.65977,3
N00594,126.979207,37.658342,3
N00595,126.981172,37.659124,3
N00596,126.982693,37.659409,3
N00597,126.947782,37.658936,1
N00598,126.980097,37.6598,3
N00599,126.979292,37.659373,3
N00600,126.984886,37.660406,3
N00601,126.984841,37.661437,3
N00602,126.976913,37.661243,3
N00603,126.98511,37.661758,3
N00604,126.984684,37.662255,3
N00605,126.976991,37.661881,3
N00606,126.951043,37.662396,1
N00607,126.986899,37.668626,3
N00608,126.962151,37.665854,3
N00609,126.96604,37.666629,3
N00610,126.969862,37.661265,1
N00611,126.966711,37.666664,3
N00612,126.962455,37.673851,3
N00613,126.960334,37.666816,3
N00614,126.97126,37.667451,3
N00615,126.972435,37.667836,3
N00616,126.976194,37.66617,1
N00617,126.989986,37.680475,3
N00618,126.955071,37.669597,1
N00619,126.955092,37.670076,1
N00620,126.955949,37.670623,3
N00621,126.992785,37.673869,4
N00622,126.993882,37.67133,3
N00623,126.993642,37.673658,3
N00624,126.971394,37.672392,3
N00625,126.963695,37.674015,3
N00626,126.959586,37.675384,3
N00627,126.991647,37.679493,3
N00628,126.961693,37.675523,3
N00629,126.993658,37.675458,1
N00630,126.955695,37.674525,1
N00631,126.957121,37.675032,3
N00632,126.969462,37.674868,3
N00633,126.95896,37.675345,3
N00634,126.956634,37.675628,1
N00635,126.964421,37.676435,3
N00636,126.9662,37.675775,3
N00637,126.9717,37.676278,3
N00638,126.98589,37.679593,1
N00639,126.976231,37.682662,1
N00640,126.961293,37.67916,3
N00641,126.95905,37.679259,1
N00642,126.987837,37.682574,3
N00643,126.975429,37.686308,3
N00644,126.965983,37.693174,1
N00645,126.996873,37.684642,3
N00646,126.99512,37.685085,2
N00647,126.997329,37.684141,2
N00648,127.011702,37.664577,1
N00649,126.992096,37.689756,2
N00650,126.994238,37.695136,1
N00651,126.970092,37.700373,1
N00652,126.98229,37.612861,1
N00653,126.938825,37.621614,1
N00654,126.942163,37.61857,1
N00655,126.995046,37.686574,2
N00656,126.984896,37.632006,1
N00657,126.984203,37.634491,1
N00658,127.009187,37.633149,1
N00659,126.946666,37.602551,3
N00660,126.946999,37.603164,3
N00661,126.946748,37.602471,3
N00662,126.947669,37.603393,3
N00663,126.947462,37.603327,3
N00664,126.946452,37.602485,4
N00665,126.953835,37.596942,3
N00666,126.955217,37.597358,3
N00667,126.953544,37.599391,3
N00668,126.955382,37.597623,3
N00669,126.953943,37.596513,1
N00670,126.951769,37.599377,1
N00671,126.952348,37.600001,3
N00672,126.953181,37.600695,3
N00673,126.951436,37.597105,1
N00674,126.952011,37.597234,3
N00675,126.952964,37.598389,3
N00676,126.953079,37.598689,3
N00677,126.951976,37.596615,1
N00678,126.952868,37.601313,3
N00679,126.952682,37.601987,4
N00680,126.943197,37.594276,3
N00681,126.942973,37.59468,4
N00682,126.942809,37.594135,3
N00683,126.942327,37.594357,1
N00684,126.941165,37.600184,3
N00685,126.941336,37.600601,3
N00686,126.942975,37.594755,3
N00687,126.941428,37.598577,3
N00688,126.942629,37.594532,1
N00689,126.941088,37.601112,3
N00690,126.940499,37.601402,3
N00691,126.944242,37.598434,1
N00692,126.943944,37.598264,3
N00693,126.943143,37.598351,3
N00694,126.943009,37.598267,3
N00695,126.943419,37.598389,3
N00696,126.943636,37.598476,1
N00697,126.944467,37.601744,3
N00698,126.944684,37.601587,6
N00699,126.944166,37.601195,5
N00700,126.944403,37.601662,3
N00701,126.944207,37.601036,1
N00702,126.943412,37.594121,3
N00703,126.942545,37.598277,1
N00704,126.951634,37.602207,3
N00705,126.951169,37.601172,1
N00706,126.94334,37.600474,3
N00707,126.942637,37.600234,3
N00708,126.944109,37.601373,1
N00709,126.955593,37.59745,1
N00710,126.946837,37.602445,3
N00711,126.946219,37.602663,3
N00712,126.9464,37.603221,3
N00713,126.947756,37.603435,3
N00714,126.947044,37.603845,3
N00715,126.943404,37.595215,1
N00716,126.94175,37.599542,3
N00717,126.946463,37.60175,3
N00718,126.945211,37.60162,1
N00719,126.944831,37.601542,3
N00720,126.944907,37.60108,3
N00721,126.945007,37.601121,3
N00722,126.950717,37.60486,3
N00723,126.951659,37.603866,3
N00724,126.950623,37.605145,1
N00725,126.943675,37.600859,3
N00726,126.943877,37.6008,3
N00727,126.943526,37.600913,4
N00728,126.942752,37.601192,3
N00729,126.949549,37.607667,5
N00730,126.949192,37.608799,3
N00731,126.949502,37.607182,3
N00732,126.949427,37.607381,3
N00733,126.949818,37.606111,3
N00734,126.949835,37.605701,1
N00735,126.946037,37.602456,3
N00736,126.944151,37.594243,1
N00737,126.943433,37.59399,3
N00738,126.940974,37.597137,1
N00739,126.946109,37.602243,3
N00740,126.949515,37.611144,3
N00741,126.949627,37.612833,1
N00742,126.94422,37.600559,1
N00743,126.944289,37.601824,3
N00744,126.952146,37.603587,3
N00745,126.944751,37.601314,4
N00746,126.943012,37.600931,4
N00747,126.943443,37.601336,3
N00748,126.941663,37.602947,1
N00749,126.943675,37.600559,1
N00750,126.951489,37.602183,1
N00751,126.951397,37.599578,1
N00752,126.950256,37.606256,3
N00753,126.950546,37.60639,3
N00754,126.94861,37.605827,4
N00755,126.9492,37.606886,4
N00756,126.948528,37.604799,3
N00757,126.948839,37.604513,1
N00758,126.95054,37.605939,1
N00759,126.947901,37.604594,3
N00760,126.947537,37.605018,3
N00761,126.951596,37.602922,3
N00762,126.951397,37.602851,1
N00763,126.945972,37.602246,3
N00764,126.944975,37.602073,3
N00765,126.946495,37.601433,1
N00766,126.949587,37.605798,1
N00767,126.945254,37.602445,3
N00768,126.950984,37.604975,3
N00769,126.95122,37.605402,1
N00770,126.951264,37.606421,3
N00771,126.943604,37.601928,3
N00772,126.951826,37.607307,3
N00773,126.949012,37.605547,1
N00774,126.950981,37.605784,1
N00775,126.951344,37.606026,3
N00776,126.95207,37.606263,1
N00777,126.947516,37.605267,3
N00778,126.946107,37.606014,3
N00779,126.946956,37.604692,3
N00780,126.943285,37.599478,1
N00781,126.953054,37.603024,5
N00782,126.953847,37.602311,1
N00783,126.949513,37.606692,1
N00784,126.941052,37.601573,5
N00785,126.941026,37.602473,3
N00786,126.948628,37.608533,3
N00787,126.952274,37.604799,3
N00788,126.940201,37.601525,1
N00789,126.951089,37.610659,1
N00790,126.943682,37.600116,1
N00791,126.941596,37.601341,1
N00792,126.941459,37.601458,3
N00793,126.948313,37.607998,3
N00794,126.948768,37.608098,3
N00795,126.948746,37.608044,3
N00796,126.948603,37.607946,5
N00797,126.942366,37.604142,1
N00798,126.942592,37.603931,3
N00799,126.942434,37.603822,3
N00800,126.942111,37.603579,3
N00801,126.952741,37.605303,3
N00802,126.952731,37.605914,3
N00803,126.953135,37.605547,3
N00804,126.953434,37.603998,3
N00805,126.95264,37.60679,3
N00806,126.941679,37.603921,1
N00807,126.948064,37.607849,3
N00808,126.94684,37.608565,1
N00809,126.947797,37.607607,3
N00810,126.947913,37.607582,3
N00811,126.943542,37.603544,3
N00812,126.943496,37.604102,4
N00813,126.943103,37.60383,3
N00814,126.947913,37.607706,4
N00815,126.943391,37.603894,3
N00816,126.943523,37.602679,1
N00817,126.944987,37.604864,1
N00818,126.945712,37.605786,1
N00819,126.942954,37.604841,1
N00820,126.943526,37.604367,3
N00821,126.940919,37.602965,1
N00822,126.945612,37.600883,1
N00823,126.944525,37.604769,1
N00824,126.941569,37.603634,1
N00825,126.946301,37.607092,1
N00826,126.947067,37.60775,1
N00827,126.948582,37.608117,3
N00828,127.049834,37.440027,2
N00829,127.043818,37.404136,3
N00830,127.043053,37.404943,4
N00831,127.088029,37.445044,2
N00832,127.072232,37.430696,1
N00833,127.031214,37.379442,2
N00834,127.033868,37.388828,3
N00835,127.043964,37.428243,2
N00836,127.047375,37.430822,3
N00837,127.041797,37.426885,2
N00838,127.042842,37.42795,3
N00839,127.042407,37.419856,3
N00840,127.042148,37.420502,2
N00841,127.072074,37.422573,3
N00842,127.075664,37.422175,1
N00843,127.072339,37.424437,1
N00844,127.063439,37.422234,3
N00845,127.071372,37.428725,1
N00846,127.068181,37.427835,1
N00847,127.059381,37.429446,3
N00848,127.042675,37.41971,3
N00849,127.046794,37.413709,3
N00850,127.048003,37.413712,3
N00851,127.041722,37.415693,3
N00852,127.03777,37.413794,3
N00853,127.031931,37.413109,3
N00854,127.029563,37.373063,1
N00855,127.04178,37.435867,3
N00856,127.041865,37.423044,3
N00857,127.041711,37.423656,4
N00858,127.041755,37.416914,3
N00859,127.043251,37.436134,3
N00860,127.032855,37.435576,3
N00861,127.035847,37.439199,3
N00862,127.035535,37.441263,3
N00863,127.036642,37.451509,3
N00864,127.039219,37.458002,1
N00865,127.035747,37.457395,1
N00866,127.055865,37.396008,3
N00867,127.057546,37.392809,1
N00868,127.054765,37.393402,1
N00869,127.053611,37.402574,3
N00870,127.070343,37.407938,1
N00871,127.037603,37.393247,3
N00872,127.03739,37.401137,3
N00873,127.039126,37.394394,1
N00874,127.038364,37.401804,4
N00875,127.036614,37.403113,3
N00876,127.033862,37.404618,3
N00877,127.030448,37.406719,3
N00878,127.035142,37.411187,3
N00879,127.01345,37.413929,3
N00880,127.016855,37.413566,3
N00881,127.013459,37.416501,3
N00882,127.010063,37.415147,3
N00883,127.013486,37.413858,3
N00884,127.013139,37.412918,3
N00885,127.008559,37.412122,3
N00886,127.006834,37.413798,3
N00887,127.014354,37.419924,3
N00888,127.013638,37.417414,3
N00889,127.013557,37.41803,3
N00890,127.01298,37.420626,4
N00891,127.011556,37.422096,1
N00892,127.012204,37.425054,3
N00893,127.013469,37.41713,3
N00894,127.006881,37.41994,4
N00895,127.00823,37.422046,1
N00896,127.011359,37.424853,1
N00897,127.009825,37.426852,4
N00898,127.009733,37.425662,1
N00899,127.011273,37.427844,1
N00900,127.029101,37.440975,4
N00901,127.018894,37.435974,1
N00902,127.02521,37.443968,1
N00903,126.998229,37.415238,1
N00904,127.002582,37.41551,3
N00905,127.000773,37.417625,1
N00906,127.005022,37.417679,1
N00907,127.005972,37.417292,3
N00908,127.002452,37.4216,3
N00909,127.006074,37.420539,3
N00910,127.004364,37.422845,3
N00911,126.999256,37.423464,1
N00912,127.000515,37.425031,1
N00913,127.005918,37.430228,1
N00914,127.024136,37.394392,3
N00915,127.027927,37.401309,3
N00916,126.99216,37.402197,1
N00917,127.001108,37.405913,3
N00918,126.998106,37.408482,1
N00919,127.003839,37.395578,1
N00920,127.001786,37.411114,1
N00921,127.102005,37.457695,1
N00922,127.0258,37.405532,1
N00923,126.963924,37.584437,3
N00924,126.964897,37.589094,3
N00925,126.967564,37.59218,1
N00926,126.963373,37.579105,3
N00927,126.964842,37.579801,1
N00928,126.96568,37.57558,1
N00929,126.964062,37.583822,3
N00930,126.95803,37.59015,3
N00931,126.962549,37.590454,1
N00932,126.962818,37.585425,3
N00933,126.961892,37.586971,3
N00934,126.962474,37.58766,3
N00935,126.962842,37.588856,1
N00936,126.960979,37.577343,1
N00937,126.959909,37.57721,1
N00938,126.957969,37.584493,4
N00939,126.95789,37.584909,1
N00940,126.959204,37.592884,1
N00941,126.959116,37.592199,3
N00942,126.958843,37.596037,3
N00943,126.960916,37.598709,1
N00944,126.960101,37.593775,1
N00945,126.959085,37.594839,3
N00946,126.961675,37.58391,3
N00947,126.961917,37.583752,4
N00948,126.960358,37.585357,1
N00949,126.958226,37.598088,3
N00950,126.959525,37.598488,1
N00951,126.962531,37.581109,3
N00952,126.961896,37.581807,1
N00953,126.956759,37.582725,3
N00954,126.953161,37.581311,1
N00955,126.959343,37.582605,3
N00956,126.959525,37.582715,1
N00957,126.954629,37.586848,3
N00958,126.954881,37.586499,3
N00959,126.955998,37.583269,3
N00960,126.951464,37.589739,3
N00961,126.950118,37.591216,1
N00962,126.949711,37.589606,1
N00963,126.953766,37.587975,3
N00964,126.954366,37.586814,3
N00965,126.954843,37.586844,1
N00966,126.959154,37.586948,3
N00967,126.957263,37.587252,3
N00968,126.958069,37.591425,3
N00969,126.958141,37.59255,3
N00970,126.955075,37.595531,1
N00971,126.955763,37.594068,3
N00972,126.954391,37.595001,3
N00973,126.958077,37.590871,3
N00974,126.952706,37.59437,1
N00975,126.95698,37.598873,1
N00976,126.951827,37.586178,3
N00977,126.954962,37.584091,3
N00978,126.952623,37.592771,3
N00979,126.951698,37.592629,1
N00980,126.961996,37.582992,1
N00981,126.957308,37.588064,3
N00982,126.956142,37.588088,3
N00983,126.956788,37.58754,3
N00984,126.951821,37.58656,1
N00985,126.955669,37.591888,4
N00986,126.954602,37.592872,3
N00987,126.959168,37.586307,3
N00988,126.95782,37.588785,3
N00989,126.957723,37.582258,3
N00990,126.957607,37.582563,3
N00991,126.96197,37.578141,1
N00992,126.960045,37.591916,1
N00993,126.96416,37.592677,1
N00994,126.964068,37.580606,1
N00995,126.964758,37.583438,1
N00996,126.966631,37.600422,5
N00997,126.966727,37.60037,3
N00998,126.966196,37.592416,3
N00999,126.966358,37.592389,3
N01000,126.966476,37.601218,4
N01001,126.966651,37.600791,4
N01002,126.969502,37.600649,5
N01003,126.969221,37.600669,1
N01004,126.966431,37.593202,3
N01005,126.967609,37.596351,3
N01006,126.970433,37.600725,3
N01007,126.972153,37.600411,3
N01008,126.967206,37.599097,4
N01009,126.967893,37.599747,4
N01010,126.967725,37.600848,4
N01011,126.967219,37.600641,4
N01012,126.972578,37.600002,3
N01013,126.970242,37.598489,4
N01014,126.965928,37.601559,4
N01015,126.965231,37.601379,3
N01016,126.968728,37.600665,3
N01017,126.968516,37.600564,4
N01018,126.967644,37.601447,5
N01019,126.966324,37.601979,3
N01020,126.967869,37.600925,4
N01021,126.968356,37.60055,3
N01022,126.968709,37.600323,3
N01023,126.969198,37.599542,3
N01024,126.969175,37.599737,3
N01025,126.969121,37.600269,3
N01026,126.964775,37.6015,3
N01027,126.966507,37.598457,3
N01028,126.966856,37.599614,3
N01029,126.967499,37.599691,3
N01030,126.971127,37.599052,1
N01031,126.966461,37.600319,4
N01032,126.967703,37.600385,3
N01033,126.967119,37.598101,4
N01034,126.963559,37.597187,1
N01035,126.969142,37.602825,1
N01036,126.968327,37.602848,3
N01037,126.970303,37.597068,4
N01038,126.972836,37.6,3
N01039,126.966262,37.600241,4
N01040,126.967797,37.601112,3
N01041,126.966609,37.60014,3
N01042,126.964009,37.601634,3
N01043,126.961529,37.60171,3
N01044,126.961105,37.601735,1
N01045,126.964262,37.601858,3
N01046,126.965627,37.601881,3
N01047,126.964207,37.601589,3
N01048,126.964334,37.601944,3
N01049,126.967465,37.603491,3
N01050,126.965444,37.60479,1
N01051,126.964382,37.601607,3
N01052,126.968442,37.599728,3
N01053,126.968888,37.600264,4
N01054,126.975889,37.601039,3
N01055,126.972473,37.60015,3
N01056,126.968882,37.600638,3
N01057,126.968058,37.600834,3
N01058,126.991743,37.61129,1
N01059,126.989011,37.609459,3
N01060,126.975633,37.601396,3
N01061,126.970072,37.605145,3
N01062,126.972777,37.602184,3
N01063,126.973643,37.601395,3
N01064,126.972425,37.600465,3
N01065,126.976139,37.605886,3
N01066,126.976761,37.608311,3
N01067,126.972217,37.607517,1
N01068,126.981,37.602134,1
N01069,126.978294,37.608424,3
N01070,126.991804,37.611924,1
N01071,126.963894,37.602287,1
N01072,126.97778,37.601346,3
N01073,126.967901,37.606025,1
N01074,126.97658,37.608506,4
N01075,126.973946,37.60916,1
N01076,126.975681,37.608759,1
N01077,126.967655,37.592168,1
N01078,127.109126,37.646421,3
N01079,127.110875,37.645545,1
N01080,127.107509,37.648364,3
N01081,127.106842,37.649775,3
N01082,127.106093,37.653096,3
N01083,127.104809,37.652706,3
N01084,127.10151,37.653037,4
N01085,127.104951,37.652807,3
N01086,127.102388,37.651955,1
N01087,127.099374,37.654375,3
N01088,127.105032,37.653148,3
N01089,127.100434,37.654799,4
N01090,127.09914,37.655412,4
N01091,127.101177,37.655404,4
N01092,127.103179,37.655764,3
N01093,127.101664,37.65597,3
N01094,127.092725,37.654839,1
N01095,127.103737,37.655872,3
N01096,127.102403,37.655894,3
N01097,127.102228,37.65597,3
N01098,127.10165,37.656281,3
N01099,127.101856,37.656287,3
N01100,127.097457,37.657303,1
N01101,127.101232,37.658485,3
N01102,127.098644,37.658961,3
N01103,127.100514,37.65886,3
N01104,127.10081,37.658807,1
N01105,127.097789,37.659249,3
N01106,127.098693,37.659059,3
N01107,127.09901,37.659223,4
N01108,127.099316,37.660031,3
N01109,127.099457,37.659132,3
N01110,127.095855,37.659477,4
N01111,127.096204,37.659824,4
N01112,127.095592,37.660215,4
N01113,127.096519,37.659745,3
N01114,127.096649,37.660231,3
N01115,127.097718,37.659825,3
N01116,127.097215,37.659362,3
N01117,127.098867,37.660009,4
N01118,127.097072,37.659975,3
N01119,127.096707,37.659843,4
N01120,127.097849,37.660046,3
N01121,127.098781,37.659265,4
N01122,127.099211,37.660837,4
N01123,127.094659,37.660384,3
N01124,127.094985,37.660517,3
N01125,127.094201,37.660226,3
N01126,127.09447,37.660475,4
N01127,127.097823,37.660291,3
N01128,127.094441,37.660755,3
N01129,127.093196,37.66137,3
N01130,127.095278,37.661124,3
N01131,127.095829,37.663009,5
N01132,127.092938,37.660951,1
N01133,127.096863,37.661142,3
N01134,127.096698,37.66163,4
N01135,127.095666,37.661275,3
N01136,127.096129,37.661493,4
N01137,127.09687,37.660774,3
N01138,127.096108,37.661647,3
N01139,127.09701,37.661618,3
N01140,127.096715,37.661889,4
N01141,127.096378,37.663335,5
N01142,127.098731,37.661781,3
N01143,127.09359,37.662284,3
N01144,127.097747,37.66272,3
N01145,127.096581,37.664002,3
N01146,127.095301,37.663701,3
N01147,127.096764,37.664068,3
N01148,127.097329,37.663326,4
N01149,127.102838,37.680806,1
N01150,127.104206,37.677897,3
N01151,127.103054,37.644812,1
N01152,127.097886,37.647582,3
N01153,127.092948,37.648064,3
N01154,127.098627,37.648603,1
N01155,127.101536,37.649231,1
N01156,127.109688,37.67794,1
N01157,127.092369,37.677602,1
N01158,127.095409,37.669289,3
N01159,127.092664,37.650452,3
N01160,127.093036,37.661106,3
N01161,127.083019,37.661685,1
N01162,127.094059,37.662548,3
N01163,127.083902,37.666485,1
N01164,127.092002,37.642235,3
N01165,127.08363,37.644218,1
N01166,127.084652,37.649097,1
N01167,127.085085,37.628001,1
N01168,127.092664,37.649015,3
N01169,127.094722,37.663065,3
N01170,127.096947,37.661937,3
N01171,127.106248,37.681602,1
N01172,127.096067,37.648655,2
N01173,127.097812,37.662324,1
N01174,127.095605,37.686578,3
N01175,127.095183,37.687026,3
N01176,127.095518,37.687243,3
N01177,127.095286,37.687332,3
N01178,127.095978,37.68753,3
N01179,127.095184,37.68757,3
N01180,127.09554,37.688801,3
N01181,127.094467,37.688812,3
N01182,127.087392,37.688687,3
N01183,127.086817,37.687882,1
N01184,127.095779,37.688572,4
N01185,127.08769,37.690219,3
N01186,127.086929,37.689477,3
N01187,127.086462,37.690537,4
N01188,127.075767,37.690337,3
N01189,127.083119,37.694952,1
N01190,127.057975,37.693909,3
N01191,127.057168,37.694613,3
N01192,127.057268,37.69532,3
N01193,127.055535,37.694431,1
N01194,127.068976,37.694023,3
N01195,127.062624,37.695093,3
N01196,127.056867,37.695068,3
N01197,127.057956,37.696126,3
N01198,127.057933,37.695672,3
N01199,127.058294,37.696067,3
N01200,127.060412,37.700073,1
N01201,127.071678,37.701249,3
N01202,127.081912,37.700878,3
N01203,127.080851,37.705771,3
N01204,127.084853,37.702499,3
N01205,127.082472,37.703476,3
N01206,127.083038,37.702047,3
N01207,127.066312,37.703688,3
N01208,127.054757,37.699932,1
N01209,127.079289,37.706775,3
N01210,127.062602,37.704143,3
N01211,127.063439,37.705993,3
N01212,127.082188,37.704786,3
N01213,127.093327,37.712403,3
N01214,127.057604,37.70596,1
N01215,127.0603,37.706311,3
N01216,127.07789,37.712304,3
N01217,127.080731,37.705997,3
N01218,127.058421,37.710183,1
N01219,127.058918,37.712317,3
N01220,127.079552,37.711221,3
N01221,127.05472,37.711436,3
N01222,127.056156,37.705692,1
N01223,127.055571,37.715232,3
N01224,127.07801,37.712309,3
N01225,127.060643,37.715042,3
N01226,127.058701,37.715776,3
N01227,127.085344,37.72058,3
N01228,127.076595,37.71335,3
N01229,127.060985,37.716371,1
N01230,127.076793,37.715427,3
N01231,127.067459,37.722039,3
N01232,127.05775,37.717279,3
N01233,127.057561,37.718349,3
N01234,127.06066,37.720287,1
N01235,127.057363,37.718552,3
N01236,127.060185,37.720632,1
N01237,127.057192,37.71929,3
N01238,127.056528,37.722515,1
N01239,127.062077,37.720362,3
N01240,127.053388,37.722029,1
N01241,127.065422,37.725239,1
N01242,127.083435,37.723422,1
N01243,127.055126,37.726599,1
N01244,127.098065,37.684062,3
N01245,127.101385,37.681672,3
N01246,127.097594,37.684431,3
N01247,127.096238,37.685445,4
N01248,127.098449,37.688504,3
N01249,127.101186,37.689708,3
N01250,127.106081,37.693933,1
N01251,127.093364,37.690021,3
N01252,127.095333,37.691622,4
N01253,127.08848,37.690378,4
N01254,127.092511,37.690695,4
N01255,127.088,37.690499,3
N01256,127.086676,37.691167,3
N01257,127.08623,37.691344,3
N01258,127.085224,37.69214,4
N01259,127.095497,37.692068,3
N01260,127.101812,37.695759,4
N01261,127.084836,37.692118,5
N01262,127.084965,37.692649,3
N01263,127.084704,37.697194,1
N01264,127.09107,37.698448,3
N01265,127.084224,37.69836,1
N01266,127.089462,37.700554,3
N01267,127.091167,37.698364,3
N01268,127.094105,37.69523,3
N01269,127.089417,37.700619,3
N01270,127.091315,37.70095,3
N01271,127.097915,37.699932,4
N01272,127.091072,37.702365,3
N01273,127.084603,37.692502,3
N01274,127.081519,37.672917,1
N01275,127.078369,37.686552,3
N01276,127.083708,37.673154,1
N01277,127.085153,37.691418,3
N01278,127.086565,37.67558,1
N01279,127.078052,37.686885,3
N01280,127.075855,37.68527,3
N01281,127.056069,37.684335,1
N01282,127.093553,37.689485,4
N01283,127.085585,37.693025,3
N01284,127.09237,37.691626,3
N01285,127.085982,37.693209,3
N01286,127.058519,37.682952,1
N01287,127.072284,37.69414,3
N01288,127.075802,37.685118,3
N01289,127.05553,37.678668,1
N01290,127.099836,37.704667,3
N01291,127.096765,37.702321,3
N01292,127.102649,37.699059,3
N01293,127.100508,37.699162,3
N01294,127.101261,37.700895,3
N01295,127.103686,37.696017,3
N01296,127.102919,37.695729,3
N01297,127.102855,37.697324,3
N01298,127.099213,37.697591,3
N01299,127.069702,37.686335,3
N01300,127.067769,37.674202,3
N01301,127.061747,37.674351,1
N01302,127.10771,37.705822,3
N01303,127.102419,37.702183,3
N01304,127.101307,37.700925,3
N01305,127.099097,37.700547,3
N01306,127.100248,37.700626,3
N01307,127.103998,37.696694,1
N01308,127.096236,37.686168,5
N01309,127.096253,37.696194,4
N01310,127.092139,37.677817,1
N01311,127.096893,37.701793,1
N01312,127.093497,37.689347,1
N01313,127.095638,37.696148,1
N01314,127.081319,37.697468,4
N01315,127.084403,37.694002,3
N01316,127.081386,37.699252,2
N01317,127.081353,37.698268,3
N01318,127.081386,37.698502,3
N01319,127.083836,37.694668,2
N01320,127.082601,37.699964,3
N01321,127.082007,37.701015,3
N01322,127.081617,37.697786,3
N01323,127.082249,37.697756,1
N01324,127.069484,37.667823,1
N01325,127.058252,37.682069,1
N01326,127.095819,37.687868,3
N01327,127.102032,37.68071,1
N01328,127.093803,37.69152,4
